{"cameraMode":{"drawMode":0,"name":"Shaded","section":"Shading Mode"},"sceneLighting":false,"audioPlay":false,"sceneViewState":{"m_AlwaysRefresh":false,"showFog":true,"showSkybox":false,"showFlares":true,"showImageEffects":true,"showParticleSystems":true,"showVisualEffectGraphs":true,"m_FxEnabled":true},"in2DMode":false,"pivot":{"x":2.614685297012329,"y":-24.077438354492189,"z":25.67005729675293},"rotation":{"x":0.3967956304550171,"y":0.04051386937499046,"z":-0.016736291348934175,"w":0.9171062111854553},"size":22.028179168701173,"orthographic":false}