{"cameraMode":{"drawMode":0,"name":"Shaded","section":"Shading Mode"},"sceneLighting":false,"audioPlay":false,"sceneViewState":{"m_AlwaysRefresh":false,"showFog":true,"showSkybox":false,"showFlares":true,"showImageEffects":true,"showParticleSystems":true,"showVisualEffectGraphs":true,"m_FxEnabled":true},"in2DMode":false,"pivot":{"x":-6.882251739501953,"y":0.7155377864837647,"z":-6.696534633636475},"rotation":{"x":-0.023544522002339364,"y":-0.40846723318099978,"z":0.01056725438684225,"w":-0.9124550223350525},"size":1.7417880296707154,"orthographic":false}