{"cameraMode":{"drawMode":0,"name":"Shaded","section":"Shading Mode"},"sceneLighting":false,"audioPlay":false,"sceneViewState":{"m_AlwaysRefresh":false,"showFog":true,"showSkybox":false,"showFlares":true,"showImageEffects":true,"showParticleSystems":true,"showVisualEffectGraphs":true,"m_FxEnabled":true},"in2DMode":false,"pivot":{"x":-0.36685359477996828,"y":1.6059999465942383,"z":-2.4020516872406008},"rotation":{"x":0.41171884536743166,"y":0.30848726630210879,"z":-0.14958667755126954,"w":0.844653308391571},"size":1.7400211095809937,"orthographic":false}